{"lr": 0.045, "data_time": 0.0009855985641479491, "loss": 0.9446796685457229, "time": 0.321046257019043, "epoch": 1, "iter": 100, "memory": 1127, "step": 100}
{"lr": 0.045, "data_time": 0.0, "loss": 0.6874056220054626, "time": 0.31593618392944334, "epoch": 1, "iter": 200, "memory": 1127, "step": 200}
{"lr": 0.045, "data_time": 0.0, "loss": 0.6416032761335373, "time": 0.3171868085861206, "epoch": 1, "iter": 300, "memory": 1127, "step": 300}
{"lr": 0.045, "data_time": 0.0015622615814208985, "loss": 0.5721949994564056, "time": 0.31658685207366943, "epoch": 1, "iter": 400, "memory": 1127, "step": 400}
{"accuracy/top1": 81.39231872558594, "data_time": 0.2330514819351668, "time": 0.3250402249011797, "step": 1}
{"lr": 0.0441, "data_time": 0.0015628337860107422, "loss": 0.523966409265995, "time": 0.31577560901641843, "epoch": 2, "iter": 535, "memory": 1127, "step": 535}
{"lr": 0.0441, "data_time": 0.0015633106231689453, "loss": 0.4314219504594803, "time": 0.3141502380371094, "epoch": 2, "iter": 635, "memory": 1127, "step": 635}
{"lr": 0.0441, "data_time": 0.0, "loss": 0.3881542317569256, "time": 0.31262400150299074, "epoch": 2, "iter": 735, "memory": 1127, "step": 735}
{"lr": 0.0441, "data_time": 0.004687881469726563, "loss": 0.32132753878831866, "time": 0.3157224178314209, "epoch": 2, "iter": 835, "memory": 1127, "step": 835}
{"accuracy/top1": 81.13207244873047, "data_time": 0.0014463784743328483, "time": 0.08765485821938028, "step": 2}
{"lr": 0.043218, "data_time": 0.0, "loss": 0.4655919916927814, "time": 0.31520724296569824, "epoch": 3, "iter": 970, "memory": 1127, "step": 970}
{"lr": 0.043218, "data_time": 0.0, "loss": 0.3441850632429123, "time": 0.31259908676147463, "epoch": 3, "iter": 1070, "memory": 1127, "step": 1070}
{"lr": 0.043218, "data_time": 0.0015803813934326173, "loss": 0.33751546442508695, "time": 0.3158986568450928, "epoch": 3, "iter": 1170, "memory": 1127, "step": 1170}
{"lr": 0.043218, "data_time": 0.0, "loss": 0.27945021390914915, "time": 0.3143200159072876, "epoch": 3, "iter": 1270, "memory": 1127, "step": 1270}
{"accuracy/top1": 89.06961822509766, "data_time": 0.0009780976237082969, "time": 0.08631977499747763, "step": 3}
{"lr": 0.04235364, "data_time": 0.0015651226043701173, "loss": 0.37144393995404246, "time": 0.31420507431030276, "epoch": 4, "iter": 1405, "memory": 1127, "step": 1405}
{"lr": 0.04235364, "data_time": 0.0015629053115844727, "loss": 0.27790170162916183, "time": 0.3141813278198242, "epoch": 4, "iter": 1505, "memory": 1127, "step": 1505}
{"lr": 0.04235364, "data_time": 0.001562786102294922, "loss": 0.21904104873538016, "time": 0.31425659656524657, "epoch": 4, "iter": 1605, "memory": 1127, "step": 1605}
{"lr": 0.04235364, "data_time": 0.0, "loss": 0.24791743308305741, "time": 0.31228864192962646, "epoch": 4, "iter": 1705, "memory": 1127, "step": 1705}
{"accuracy/top1": 87.18282318115234, "data_time": 0.0012953865284822425, "time": 0.08643668281788729, "step": 4}
{"lr": 0.0415065672, "data_time": 0.0, "loss": 0.2848766900599003, "time": 0.31373772621154783, "epoch": 5, "iter": 1840, "memory": 1127, "step": 1840}
{"lr": 0.0415065672, "data_time": 0.0, "loss": 0.30477254539728166, "time": 0.31264801025390626, "epoch": 5, "iter": 1940, "memory": 1127, "step": 1940}
{"lr": 0.0415065672, "data_time": 9.934902191162109e-05, "loss": 0.35788985043764115, "time": 0.31422231197357176, "epoch": 5, "iter": 2040, "memory": 1127, "step": 2040}
{"lr": 0.0415065672, "data_time": 0.0, "loss": 0.3066116437315941, "time": 0.31423890590667725, "epoch": 5, "iter": 2140, "memory": 1127, "step": 2140}
{"accuracy/top1": 89.3949203491211, "data_time": 0.0014139681446308993, "time": 0.08659995088771898, "step": 5}
