{"lr": 0.045, "data_time": 0.0010852336883544922, "loss": 1.7759808123111724, "time": 0.3225629568099976, "epoch": 1, "iter": 100, "memory": 1127, "step": 100}
{"lr": 0.045, "data_time": 0.00020151138305664064, "loss": 0.7621650069952011, "time": 0.3180903673171997, "epoch": 1, "iter": 200, "memory": 1127, "step": 200}
{"lr": 0.045, "data_time": 0.0015639066696166992, "loss": 0.8175992637872695, "time": 0.317861533164978, "epoch": 1, "iter": 300, "memory": 1127, "step": 300}
{"lr": 0.045, "data_time": 0.0015627145767211914, "loss": 0.4792093724012375, "time": 0.3157269716262817, "epoch": 1, "iter": 400, "memory": 1127, "step": 400}
{"accuracy/top1": 80.79289245605469, "data_time": 0.08051806688308716, "time": 0.17039422107779462, "step": 1}
{"lr": 0.0441, "data_time": 0.0015637636184692382, "loss": 0.5529273152351379, "time": 0.3149837255477905, "epoch": 2, "iter": 543, "memory": 1127, "step": 543}
{"lr": 0.0441, "data_time": 0.00040149688720703125, "loss": 0.5688522398471832, "time": 0.3166534662246704, "epoch": 2, "iter": 643, "memory": 1127, "step": 643}
{"lr": 0.0441, "data_time": 0.0004005908966064453, "loss": 0.5168238639831543, "time": 0.3142099857330322, "epoch": 2, "iter": 743, "memory": 1127, "step": 743}
{"lr": 0.0441, "data_time": 0.0033193349838256834, "loss": 0.4740858018398285, "time": 0.3159369945526123, "epoch": 2, "iter": 843, "memory": 1127, "step": 843}
{"accuracy/top1": 83.32193756103516, "data_time": 0.0015387817095684749, "time": 0.08642577099543745, "step": 2}
{"lr": 0.043218, "data_time": 0.0031264543533325194, "loss": 0.4652815282344818, "time": 0.3127450704574585, "epoch": 3, "iter": 986, "memory": 1127, "step": 986}
{"lr": 0.043218, "data_time": 0.0017582178115844727, "loss": 0.5617922902107239, "time": 0.3117057800292969, "epoch": 3, "iter": 1086, "memory": 1127, "step": 1086}
{"lr": 0.043218, "data_time": 0.0035378217697143556, "loss": 0.4863468140363693, "time": 0.31771068572998046, "epoch": 3, "iter": 1186, "memory": 1127, "step": 1186}
{"lr": 0.043218, "data_time": 0.0018649339675903321, "loss": 0.38596695065498354, "time": 0.31493027210235597, "epoch": 3, "iter": 1286, "memory": 1127, "step": 1286}
{"accuracy/top1": 86.80792999267578, "data_time": 0.0011695790034468457, "time": 0.08710770709540254, "step": 3}
{"lr": 0.04235364, "data_time": 0.0009052038192749023, "loss": 0.38502662926912307, "time": 0.31617929935455324, "epoch": 4, "iter": 1429, "memory": 1127, "step": 1429}
{"lr": 0.04235364, "data_time": 0.0012609004974365235, "loss": 0.354128922522068, "time": 0.3154821157455444, "epoch": 4, "iter": 1529, "memory": 1127, "step": 1529}
{"lr": 0.04235364, "data_time": 0.0009061574935913086, "loss": 0.24987290911376475, "time": 0.3144155740737915, "epoch": 4, "iter": 1629, "memory": 1127, "step": 1629}
{"lr": 0.04235364, "data_time": 0.0011108636856079102, "loss": 0.3796873390674591, "time": 0.3131437063217163, "epoch": 4, "iter": 1729, "memory": 1127, "step": 1729}
{"accuracy/top1": 87.21804809570312, "data_time": 0.0011762034508489793, "time": 0.0865608569114439, "step": 4}
{"lr": 0.0415065672, "data_time": 0.0, "loss": 0.35861425995826723, "time": 0.31326019763946533, "epoch": 5, "iter": 1872, "memory": 1127, "step": 1872}
{"lr": 0.0415065672, "data_time": 0.0, "loss": 0.48264339864253997, "time": 0.3126098871231079, "epoch": 5, "iter": 1972, "memory": 1127, "step": 1972}
{"lr": 0.0415065672, "data_time": 0.0015645027160644531, "loss": 0.3537640988826752, "time": 0.3137128114700317, "epoch": 5, "iter": 2072, "memory": 1127, "step": 2072}
{"lr": 0.0415065672, "data_time": 0.00013856887817382814, "loss": 0.3018031224608421, "time": 0.3142625093460083, "epoch": 5, "iter": 2172, "memory": 1127, "step": 2172}
{"accuracy/top1": 87.90157318115234, "data_time": 0.0012843326855731267, "time": 0.08655150731404622, "step": 5}
