{"lr": 0.045, "data_time": 0.0015622615814208985, "loss": 1.776782488822937, "intel1_loss": 0.9469565331935883, "intel1_mask_size": 11.0, "intel2_loss": 0.8298259675502777, "intel2_mask_size": 5.0, "time": 0.15833330154418945, "epoch": 1, "iter": 100, "memory": 1127, "step": 100}
{"lr": 0.045, "data_time": 0.0031258344650268556, "loss": 1.5994308829307555, "intel1_loss": 0.8584807932376861, "intel1_mask_size": 12.0, "intel2_loss": 0.740950083732605, "intel2_mask_size": 4.0, "time": 0.16057817935943602, "epoch": 1, "iter": 200, "memory": 1127, "step": 200}
{"lr": 0.045, "data_time": 0.0010020732879638672, "loss": 1.483538019657135, "intel1_loss": 0.7845204636454582, "intel1_mask_size": 8.0, "intel2_loss": 0.6990175545215607, "intel2_mask_size": 8.0, "time": 0.16344125270843507, "epoch": 1, "iter": 300, "memory": 1127, "step": 300}
{"lr": 0.045, "data_time": 0.0017457723617553711, "loss": 1.609503412246704, "intel1_loss": 0.9336487025022506, "intel1_mask_size": 4.0, "intel2_loss": 0.6758547186851501, "intel2_mask_size": 12.0, "time": 0.16680679321289063, "epoch": 1, "iter": 400, "memory": 1127, "step": 400}
{"lr": 0.045, "data_time": 0.0015622377395629883, "loss": 1.3878179252147675, "intel1_loss": 0.6990334063768386, "intel1_mask_size": 11.0, "intel2_loss": 0.688784521818161, "intel2_mask_size": 5.0, "time": 0.16330456733703613, "epoch": 1, "iter": 500, "memory": 1127, "step": 500}
{"lr": 0.045, "data_time": 0.0006027698516845703, "loss": 1.2108593821525573, "intel1_loss": 0.6783106923103333, "intel1_mask_size": 9.0, "intel2_loss": 0.5325487077236175, "intel2_mask_size": 7.0, "time": 0.16024603843688964, "epoch": 1, "iter": 600, "memory": 1127, "step": 600}
{"lr": 0.045, "data_time": 0.0, "loss": 1.2806467711925507, "intel1_loss": 0.7666514575481415, "intel1_mask_size": 8.0, "intel2_loss": 0.513995324075222, "intel2_mask_size": 8.0, "time": 0.15330722332000732, "epoch": 1, "iter": 700, "memory": 1127, "step": 700}
{"lr": 0.045, "data_time": 0.0030980587005615236, "loss": 1.1496910989284514, "intel1_loss": 0.5012662529945373, "intel1_mask_size": 7.0, "intel2_loss": 0.6484248667955399, "intel2_mask_size": 9.0, "time": 0.3333298206329346, "epoch": 1, "iter": 800, "memory": 1127, "step": 800}
{"intel1_accuracy/top1": 66.98564147949219, "intel2_accuracy/top1": 71.95835876464844, "data_time": 0.04197410192895443, "time": 0.13785550568966157, "step": 1}
{"lr": 0.0441, "data_time": 0.0010033130645751953, "loss": 1.2720201015472412, "intel1_loss": 0.7313940823078156, "intel1_mask_size": 11.0, "intel2_loss": 0.5406260296702385, "intel2_mask_size": 5.0, "time": 0.3340118885040283, "epoch": 2, "iter": 978, "memory": 1127, "step": 978}
{"lr": 0.0441, "data_time": 0.0020661115646362304, "loss": 1.1207892060279847, "intel1_loss": 0.5058304160833359, "intel1_mask_size": 8.0, "intel2_loss": 0.6149587899446487, "intel2_mask_size": 8.0, "time": 0.32705438137054443, "epoch": 2, "iter": 1078, "memory": 1127, "step": 1078}
{"lr": 0.0441, "data_time": 0.0004990100860595703, "loss": 1.2161824703216553, "intel1_loss": 0.7094001293182373, "intel1_mask_size": 11.0, "intel2_loss": 0.5067823171615601, "intel2_mask_size": 5.0, "time": 0.32500667572021485, "epoch": 2, "iter": 1178, "memory": 1127, "step": 1178}
{"lr": 0.0441, "data_time": 0.0010824203491210938, "loss": 1.0835199892520904, "intel1_loss": 0.5084714949131012, "intel1_mask_size": 11.0, "intel2_loss": 0.575048491358757, "intel2_mask_size": 5.0, "time": 0.32761526107788086, "epoch": 2, "iter": 1278, "memory": 1127, "step": 1278}
{"lr": 0.0441, "data_time": 0.0003029346466064453, "loss": 0.998259437084198, "intel1_loss": 0.5573426991701126, "intel1_mask_size": 10.0, "intel2_loss": 0.4409167364239693, "intel2_mask_size": 6.0, "time": 0.32725138664245607, "epoch": 2, "iter": 1378, "memory": 1127, "step": 1378}
{"lr": 0.0441, "data_time": 0.0015444755554199219, "loss": 0.9695817112922669, "intel1_loss": 0.5137371018528938, "intel1_mask_size": 5.0, "intel2_loss": 0.455844609439373, "intel2_mask_size": 11.0, "time": 0.3266319274902344, "epoch": 2, "iter": 1478, "memory": 1127, "step": 1478}
{"lr": 0.0441, "data_time": 0.0009005308151245117, "loss": 1.048984295129776, "intel1_loss": 0.5254967972636223, "intel1_mask_size": 10.0, "intel2_loss": 0.5234874993562698, "intel2_mask_size": 6.0, "time": 0.3265946388244629, "epoch": 2, "iter": 1578, "memory": 1127, "step": 1578}
{"lr": 0.0441, "data_time": 0.0009752273559570313, "loss": 0.9953604757785797, "intel1_loss": 0.5426312774419785, "intel1_mask_size": 11.0, "intel2_loss": 0.45272918343544005, "intel2_mask_size": 5.0, "time": 0.3279536008834839, "epoch": 2, "iter": 1678, "memory": 1127, "step": 1678}
{"intel1_accuracy/top1": 79.97265625, "intel2_accuracy/top1": 80.74170684814453, "data_time": 0.0010666632778430112, "time": 0.09298657235645112, "step": 2}
{"lr": 0.043218, "data_time": 0.0, "loss": 0.9800527632236481, "intel1_loss": 0.5819825947284698, "intel1_mask_size": 8.0, "intel2_loss": 0.3980701833963394, "intel2_mask_size": 8.0, "time": 0.3340392827987671, "epoch": 3, "iter": 1856, "memory": 1127, "step": 1856}
{"lr": 0.043218, "data_time": 0.001562952995300293, "loss": 1.1480279743671418, "intel1_loss": 0.6020857363939285, "intel1_mask_size": 6.0, "intel2_loss": 0.5459422394633293, "intel2_mask_size": 10.0, "time": 0.32752945423126223, "epoch": 3, "iter": 1956, "memory": 1127, "step": 1956}
{"lr": 0.043218, "data_time": 0.0016613245010375977, "loss": 0.8844202220439911, "intel1_loss": 0.4039359986782074, "intel1_mask_size": 8.0, "intel2_loss": 0.48048423826694486, "intel2_mask_size": 8.0, "time": 0.32789442539215086, "epoch": 3, "iter": 2056, "memory": 1127, "step": 2056}
{"lr": 0.043218, "data_time": 0.002016282081604004, "loss": 1.2268973588943481, "intel1_loss": 0.6984261214733124, "intel1_mask_size": 8.0, "intel2_loss": 0.528471240401268, "intel2_mask_size": 8.0, "time": 0.3258638858795166, "epoch": 3, "iter": 2156, "memory": 1127, "step": 2156}
{"lr": 0.043218, "data_time": 0.0010458469390869141, "loss": 0.8556899487972259, "intel1_loss": 0.3337839379906654, "intel1_mask_size": 7.0, "intel2_loss": 0.5219060152769088, "intel2_mask_size": 9.0, "time": 0.3245786190032959, "epoch": 3, "iter": 2256, "memory": 1127, "step": 2256}
{"lr": 0.043218, "data_time": 0.0006909608840942383, "loss": 0.8638068735599518, "intel1_loss": 0.46517087519168854, "intel1_mask_size": 10.0, "intel2_loss": 0.3986359938979149, "intel2_mask_size": 6.0, "time": 0.32564468383789064, "epoch": 3, "iter": 2356, "memory": 1127, "step": 2356}
{"lr": 0.043218, "data_time": 0.0011765718460083007, "loss": 0.866217452287674, "intel1_loss": 0.4727775901556015, "intel1_mask_size": 6.0, "intel2_loss": 0.39343985468149184, "intel2_mask_size": 10.0, "time": 0.32400920391082766, "epoch": 3, "iter": 2456, "memory": 1127, "step": 2456}
{"lr": 0.043218, "data_time": 0.0011972904205322266, "loss": 0.8958620071411133, "intel1_loss": 0.3927729368209839, "intel1_mask_size": 7.0, "intel2_loss": 0.5030890583992005, "intel2_mask_size": 9.0, "time": 0.3233587980270386, "epoch": 3, "iter": 2556, "memory": 1127, "step": 2556}
{"intel1_accuracy/top1": 83.5270004272461, "intel2_accuracy/top1": 83.40924072265625, "data_time": 0.0009886776959454572, "time": 0.09150920847736338, "step": 3}
{"lr": 0.04235364, "data_time": 0.0016273260116577148, "loss": 0.7529623091220856, "intel1_loss": 0.4960699528455734, "intel1_mask_size": 12.0, "intel2_loss": 0.25689235888421535, "intel2_mask_size": 4.0, "time": 0.32494320869445803, "epoch": 4, "iter": 2734, "memory": 1127, "step": 2734}
{"lr": 0.04235364, "data_time": 0.001636338233947754, "loss": 0.9298269927501679, "intel1_loss": 0.6110202670097351, "intel1_mask_size": 6.0, "intel2_loss": 0.3188067238777876, "intel2_mask_size": 10.0, "time": 0.32365193367004397, "epoch": 4, "iter": 2834, "memory": 1127, "step": 2834}
{"lr": 0.04235364, "data_time": 0.001746964454650879, "loss": 0.8113833844661713, "intel1_loss": 0.3333526022732258, "intel1_mask_size": 11.0, "intel2_loss": 0.4780307836830616,